ID, name
5409,War of 1812
5412,privateering
5413,maritime
5414,Nova Scotia
5415,loyalist
5416,Loyalist Lowdown
5417,New Brunswick
5418,Edward Winslow
5419,conservation
5420,palaeography
5421,research skills
5422,document analysis
5423,George Duncan Ludlow
5424,New York
5425,law
5426,slavery
5427,William Rhett
5428,South Carolina
5429,piracy
5430,Robert Daniell
5431,education
5432,loyalism
5433,microhistory
5434,refugees
5435,parish officers
5436,livestock
5437,transportation
5438,commerce
5440,Jonathan Odell
5441,New Jersey
5442,Anglican
5443,poetry
5444,espionage
5445,Benedict Arnold
5446,surgeon
5447,cryptography
5449,Barbados
5450,Caribbean
5451,folklore
5452,ghosts
5453,pseudohistory
5456,John Saunders
5457,duels
5458,Virginia
5462,George Washington
5464,naming
5465,cultural trends
5466,genealogy
5471,language
5472,ethnicity
5474,Clement Clark Moore
5475,Henry Livingston
5476,Washington Irving
5477,Saint John
5478,crime
5479,law enforcement
5480,Black History
5481,Guy Carleton
5482,immigration
5483,literature
5484,primary source
5485,Black Loyalist
5486,John Coley
5487,Connecticut
5488,health
5489,disease
5490,prisoner of war
5493,ferry
5497,Lost Loyalists
5498,secondary source
5500,digital humanities
5502,Silas Deane
5503,American Revolution
5504,patriots
5505,France
5506,Joseph Hynson
5511,Hannah Ingraham
5512,trade
5513,indigenous peoples
5514,French
5515,children
5516,narrative
5517,migration
5518,religion
5519,Baptist
5520,Planters
5521,Methodist
5522,family history
5523,military
5524,tavern
5525,parish officer
5530,interview
5531,recipes
5532,paleography
5533,First Nations
5534,fishery
5535,dogs
5536,politics
5537,Thomas Carleton
5538,political history
5539,bastardy
5540,loyalists
5541,geography
5542,mapping
5543,murder
5544,Halifax
5545,Thomas Wetmore
5546,George Frederick Street
5547,Richard John Uniacke Jr.
5548,William Bowie
5549,newspaper
5550,medicine
5551,sanitation
5552,epidemic
5553,Samuel Richard Wilson
5554,Irish
5555,Roman Catholic
5556,primary
5557,Lost Loyalist
5558,New Jersey Volunteers
5559,Roman Catholic Volunteers
5560,Royal Garrison Battalion
5561,Queensbury
5562,land petition
5563,women’s history
5564,midwife
5565,Pennsylvania
5566,John André
5567,patriot
5568,Hessian
5569,Hessians
5570,Germans
5571,Great Britain
5572,gambling
5573,gaming houses
5574,recreation
5575,gaming house
5576,Early Modern
5577,primary document
5578,transcription
5579,physician
5580,apothecary
5581,professionalization
5582,William Paine
5583,Boston
5584,women
5585,women's history
5586,Ancient Rome
5587,smallpox
5588,inoculation
5589,Black Loyalists
5590,GIS
5591,story mapping
5592,slander
5593,Monson Hayt/ Munson Hoyt
5594,Ward Chipman
5595,Elias Hardy
5596,archival research
5597,Max Aitken (1st Lord Beaverbrook)
5598,mental illness
5599,mental health
5600,hospital
5601,county court
5602,Justices of the Peace
5603,Esquire Justices
5604,sailors
5605,archive
5606,John Simcoe Saunders
5607,stamps
5608,treaties
5609,Mi’kmaq
5610,Seven Years War
5611,Shediac
5612,Acadia
5613,Planter
5614,ship building
5615,petition
5616,writer
5617,Julia Catherine Hart
5618,biography
5619,author
5620,art
5621,botany
5622,University of New Brunswick
5623,Zimri Armstrong
5624,Samuel Jarvis
5625,John Jarvis
5626,Munson Jarvis
5627,Volunteers of Ireland
5628,holiday
5629,Shelburne
5630,Simeon Perkins
5631,Liverpool
5632,privateer
5633,freedom
5634,Fyler Dibblee
5635,municipal history
5636,Royal Charter
5637,racial discrimination
5638,Atlantic World
5639,John Jeffries
5640,navy
5641,names
5642,Atlantic
5643,ships
5646,Quebec City
5647,British
5648,Siege of Quebec
5649,journal
5650,scalping proclamations
5651,Anthony Casteel
5652,Edward Coats
5653,Edward Cornwallis
5654,Acadian
5655,imperialism
5656,archaeology
5657,Long Island
5658,cemetery
5659,Gabriel Fowler
5660,Alexander Fairchild
5661,Jonathan Ketchum
5666,Cortlandt Skinner
5667,Battle of Trenton
5668,Battle of Princeton
5669,General William Howe
5670,William Howe
5671,Peter Huggeford
5672,drugs
5673,Loyal American Regiment
5674,patent medicines
5675,Ephraim DeForest
5676,Fowler
5677,Hoyt
5678,Joshua Upham
5679,Rivington
5680,Kings County
5681,Kennebecasis
5682,Lower Norton
5683,Redding
5684,shoemaker
5685,Dutchess County
5686,Westchester County
5687,violence
5688,Queens County
5689,Gagetown
5690,blacksmith
5691,refugee
5692,Jamaica
5693,plantations
5694,William Vassall
5695,agriculture
5696,environmental history
5697,King’s Orange Rangers
5698,St. Martins
5699,land settlement
5700,shipwreck
5701,George Sproule
5702,John Howard
5703,William Carnell
5705,Christmas
5706,vital statistics
5707,demographics
5708,Richard Clarke
5709,research
5712,Annapolis Valley
5714,Dutch
5715,Bergen County
5716,local history
5717,African Diaspora
5718,German
5719,printer
5720,Dunker
5721,pacificism
5722,Polly Dibblee
5723,newspapers
5724,suicide
5725,Gillam Butler
5726,borderlands
5727,Campobello Island
5728,smuggling
5729,William Owen
5730,Kings Landing
5731,aging
5732,digital
5737,glossary
5738,provincial regiment
5739,plantation
5740,West Indies
5741,clergy
5742,colonialism
5743,graveyard
5744,gravestone
5745,death
5746,material history
5747,economics
5748,class
5749,anthropology
5750,map
5751,story map
5755,church
5756,burial
5757,Annapolis County
5758,land